Hour,Pricing Location,Ontario Price,Energy Loss Price,Energy Congestion Price,Date,Timestamp
1,ONTARIO_ZONAL_PRICE,59.32,0.72,0.5,2026-03-01,2026-03-01 00:00:00
2,ONTARIO_ZONAL_PRICE,51.48,0.65,0.53,2026-03-01,2026-03-01 01:00:00
3,ONTARIO_ZONAL_PRICE,41.22,0.58,0.64,2026-03-01,2026-03-01 02:00:00
4,ONTARIO_ZONAL_PRICE,35.65,0.55,0.0,2026-03-01,2026-03-01 03:00:00
5,ONTARIO_ZONAL_PRICE,34.77,0.54,0.0,2026-03-01,2026-03-01 04:00:00
6,ONTARIO_ZONAL_PRICE,40.82,0.64,0.0,2026-03-01,2026-03-01 05:00:00
7,ONTARIO_ZONAL_PRICE,35.51,0.53,0.0,2026-03-01,2026-03-01 06:00:00
8,ONTARIO_ZONAL_PRICE,43.45,0.63,0.68,2026-03-01,2026-03-01 07:00:00
9,ONTARIO_ZONAL_PRICE,44.24,0.53,0.57,2026-03-01,2026-03-01 08:00:00
10,ONTARIO_ZONAL_PRICE,39.2,0.46,0.0,2026-03-01,2026-03-01 09:00:00
11,ONTARIO_ZONAL_PRICE,50.88,0.57,0.0,2026-03-01,2026-03-01 10:00:00
12,ONTARIO_ZONAL_PRICE,38.12,0.47,0.12,2026-03-01,2026-03-01 11:00:00
13,ONTARIO_ZONAL_PRICE,47.39,0.53,0.05,2026-03-01,2026-03-01 12:00:00
14,ONTARIO_ZONAL_PRICE,35.35,0.38,0.0,2026-03-01,2026-03-01 13:00:00
15,ONTARIO_ZONAL_PRICE,35.65,0.39,0.0,2026-03-01,2026-03-01 14:00:00
16,ONTARIO_ZONAL_PRICE,35.93,0.4,0.13,2026-03-01,2026-03-01 15:00:00
17,ONTARIO_ZONAL_PRICE,68.65,0.48,0.0,2026-03-01,2026-03-01 16:00:00
18,ONTARIO_ZONAL_PRICE,99.31,0.25,0.0,2026-03-01,2026-03-01 17:00:00
19,ONTARIO_ZONAL_PRICE,124.55,0.17,0.0,2026-03-01,2026-03-01 18:00:00
20,ONTARIO_ZONAL_PRICE,120.4,0.31,0.0,2026-03-01,2026-03-01 19:00:00
21,ONTARIO_ZONAL_PRICE,128.52,0.47,0.0,2026-03-01,2026-03-01 20:00:00
22,ONTARIO_ZONAL_PRICE,150.64,0.49,0.0,2026-03-01,2026-03-01 21:00:00
23,ONTARIO_ZONAL_PRICE,106.5,0.6,0.0,2026-03-01,2026-03-01 22:00:00
24,ONTARIO_ZONAL_PRICE,109.34,0.88,0.0,2026-03-01,2026-03-01 23:00:00
1,ONTARIO_ZONAL_PRICE,76.54,0.54,0.0,2026-03-02,2026-03-02 00:00:00
2,ONTARIO_ZONAL_PRICE,62.43,0.41,0.0,2026-03-02,2026-03-02 01:00:00
3,ONTARIO_ZONAL_PRICE,57.86,0.42,0.0,2026-03-02,2026-03-02 02:00:00
4,ONTARIO_ZONAL_PRICE,58.35,0.51,0.0,2026-03-02,2026-03-02 03:00:00
5,ONTARIO_ZONAL_PRICE,64.56,0.5,0.0,2026-03-02,2026-03-02 04:00:00
6,ONTARIO_ZONAL_PRICE,83.36,0.47,0.0,2026-03-02,2026-03-02 05:00:00
7,ONTARIO_ZONAL_PRICE,144.44,0.15,0.0,2026-03-02,2026-03-02 06:00:00
8,ONTARIO_ZONAL_PRICE,163.63,-0.18,0.0,2026-03-02,2026-03-02 07:00:00
9,ONTARIO_ZONAL_PRICE,117.99,-0.22,0.0,2026-03-02,2026-03-02 08:00:00
10,ONTARIO_ZONAL_PRICE,69.47,-0.01,0.0,2026-03-02,2026-03-02 09:00:00
11,ONTARIO_ZONAL_PRICE,59.95,0.16,0.0,2026-03-02,2026-03-02 10:00:00
12,ONTARIO_ZONAL_PRICE,53.92,0.18,0.0,2026-03-02,2026-03-02 11:00:00
13,ONTARIO_ZONAL_PRICE,52.03,0.24,0.0,2026-03-02,2026-03-02 12:00:00
14,ONTARIO_ZONAL_PRICE,39.34,0.21,0.0,2026-03-02,2026-03-02 13:00:00
15,ONTARIO_ZONAL_PRICE,38.42,0.24,0.0,2026-03-02,2026-03-02 14:00:00
16,ONTARIO_ZONAL_PRICE,50.96,0.29,0.0,2026-03-02,2026-03-02 15:00:00
17,ONTARIO_ZONAL_PRICE,55.64,0.09,0.0,2026-03-02,2026-03-02 16:00:00
18,ONTARIO_ZONAL_PRICE,100.1,-0.35,0.0,2026-03-02,2026-03-02 17:00:00
19,ONTARIO_ZONAL_PRICE,142.6,-0.79,0.0,2026-03-02,2026-03-02 18:00:00
20,ONTARIO_ZONAL_PRICE,102.31,-0.24,0.0,2026-03-02,2026-03-02 19:00:00
21,ONTARIO_ZONAL_PRICE,97.16,-0.03,0.0,2026-03-02,2026-03-02 20:00:00
22,ONTARIO_ZONAL_PRICE,81.41,0.03,0.0,2026-03-02,2026-03-02 21:00:00
23,ONTARIO_ZONAL_PRICE,78.54,0.29,0.0,2026-03-02,2026-03-02 22:00:00
24,ONTARIO_ZONAL_PRICE,60.33,0.41,0.0,2026-03-02,2026-03-02 23:00:00
1,ONTARIO_ZONAL_PRICE,70.22,0.74,0.0,2026-03-03,2026-03-03 00:00:00
2,ONTARIO_ZONAL_PRICE,58.35,0.69,0.0,2026-03-03,2026-03-03 01:00:00
3,ONTARIO_ZONAL_PRICE,57.96,0.72,0.0,2026-03-03,2026-03-03 02:00:00
4,ONTARIO_ZONAL_PRICE,55.25,0.71,0.0,2026-03-03,2026-03-03 03:00:00
5,ONTARIO_ZONAL_PRICE,56.74,0.7,0.0,2026-03-03,2026-03-03 04:00:00
6,ONTARIO_ZONAL_PRICE,60.66,0.54,0.0,2026-03-03,2026-03-03 05:00:00
7,ONTARIO_ZONAL_PRICE,69.19,0.34,0.0,2026-03-03,2026-03-03 06:00:00
8,ONTARIO_ZONAL_PRICE,94.04,-0.06,0.0,2026-03-03,2026-03-03 07:00:00
9,ONTARIO_ZONAL_PRICE,82.23,0.02,0.0,2026-03-03,2026-03-03 08:00:00
10,ONTARIO_ZONAL_PRICE,75.11,-0.05,-1.21,2026-03-03,2026-03-03 09:00:00
11,ONTARIO_ZONAL_PRICE,64.76,0.06,-1.11,2026-03-03,2026-03-03 10:00:00
12,ONTARIO_ZONAL_PRICE,64.83,0.07,-1.11,2026-03-03,2026-03-03 11:00:00
13,ONTARIO_ZONAL_PRICE,58.47,0.14,-0.99,2026-03-03,2026-03-03 12:00:00
14,ONTARIO_ZONAL_PRICE,56.49,0.09,-0.93,2026-03-03,2026-03-03 13:00:00
15,ONTARIO_ZONAL_PRICE,58.41,0.07,-0.99,2026-03-03,2026-03-03 14:00:00
16,ONTARIO_ZONAL_PRICE,76.69,0.06,-1.32,2026-03-03,2026-03-03 15:00:00
17,ONTARIO_ZONAL_PRICE,82.25,-0.03,-1.42,2026-03-03,2026-03-03 16:00:00
18,ONTARIO_ZONAL_PRICE,105.01,-0.51,-1.66,2026-03-03,2026-03-03 17:00:00
19,ONTARIO_ZONAL_PRICE,109.28,-0.62,-1.73,2026-03-03,2026-03-03 18:00:00
20,ONTARIO_ZONAL_PRICE,109.68,-0.33,1.55,2026-03-03,2026-03-03 19:00:00
21,ONTARIO_ZONAL_PRICE,105.96,-0.04,1.62,2026-03-03,2026-03-03 20:00:00
22,ONTARIO_ZONAL_PRICE,94.0,-0.02,-1.58,2026-03-03,2026-03-03 21:00:00
23,ONTARIO_ZONAL_PRICE,66.68,0.15,0.0,2026-03-03,2026-03-03 22:00:00
24,ONTARIO_ZONAL_PRICE,62.23,0.4,3.45,2026-03-03,2026-03-03 23:00:00
1,ONTARIO_ZONAL_PRICE,58.85,0.32,0.14,2026-03-04,2026-03-04 00:00:00
2,ONTARIO_ZONAL_PRICE,51.29,0.29,0.0,2026-03-04,2026-03-04 01:00:00
3,ONTARIO_ZONAL_PRICE,50.45,0.35,0.0,2026-03-04,2026-03-04 02:00:00
4,ONTARIO_ZONAL_PRICE,50.29,0.35,0.2,2026-03-04,2026-03-04 03:00:00
5,ONTARIO_ZONAL_PRICE,50.67,0.34,0.18,2026-03-04,2026-03-04 04:00:00
6,ONTARIO_ZONAL_PRICE,55.47,0.36,0.15,2026-03-04,2026-03-04 05:00:00
7,ONTARIO_ZONAL_PRICE,78.39,0.36,0.0,2026-03-04,2026-03-04 06:00:00
8,ONTARIO_ZONAL_PRICE,94.9,0.0,0.0,2026-03-04,2026-03-04 07:00:00
9,ONTARIO_ZONAL_PRICE,79.92,0.02,-0.02,2026-03-04,2026-03-04 08:00:00
10,ONTARIO_ZONAL_PRICE,55.17,0.13,0.0,2026-03-04,2026-03-04 09:00:00
11,ONTARIO_ZONAL_PRICE,50.94,0.17,0.0,2026-03-04,2026-03-04 10:00:00
12,ONTARIO_ZONAL_PRICE,42.35,0.2,0.0,2026-03-04,2026-03-04 11:00:00
13,ONTARIO_ZONAL_PRICE,37.92,0.19,0.0,2026-03-04,2026-03-04 12:00:00
14,ONTARIO_ZONAL_PRICE,37.85,0.17,0.0,2026-03-04,2026-03-04 13:00:00
15,ONTARIO_ZONAL_PRICE,38.19,0.17,0.27,2026-03-04,2026-03-04 14:00:00
16,ONTARIO_ZONAL_PRICE,42.44,0.22,0.0,2026-03-04,2026-03-04 15:00:00
17,ONTARIO_ZONAL_PRICE,55.17,0.18,0.0,2026-03-04,2026-03-04 16:00:00
18,ONTARIO_ZONAL_PRICE,80.9,-0.28,0.0,2026-03-04,2026-03-04 17:00:00
19,ONTARIO_ZONAL_PRICE,89.41,-0.31,0.0,2026-03-04,2026-03-04 18:00:00
20,ONTARIO_ZONAL_PRICE,80.62,-0.31,0.0,2026-03-04,2026-03-04 19:00:00
21,ONTARIO_ZONAL_PRICE,75.16,0.01,0.0,2026-03-04,2026-03-04 20:00:00
22,ONTARIO_ZONAL_PRICE,59.01,0.15,0.12,2026-03-04,2026-03-04 21:00:00
23,ONTARIO_ZONAL_PRICE,56.11,0.23,0.15,2026-03-04,2026-03-04 22:00:00
24,ONTARIO_ZONAL_PRICE,44.3,0.38,0.25,2026-03-04,2026-03-04 23:00:00
1,ONTARIO_ZONAL_PRICE,53.28,0.23,0.0,2026-03-05,2026-03-05 00:00:00
2,ONTARIO_ZONAL_PRICE,51.11,0.22,0.0,2026-03-05,2026-03-05 01:00:00
3,ONTARIO_ZONAL_PRICE,48.29,0.23,0.01,2026-03-05,2026-03-05 02:00:00
4,ONTARIO_ZONAL_PRICE,51.46,0.31,0.0,2026-03-05,2026-03-05 03:00:00
5,ONTARIO_ZONAL_PRICE,47.34,0.29,0.02,2026-03-05,2026-03-05 04:00:00
6,ONTARIO_ZONAL_PRICE,36.66,0.15,0.0,2026-03-05,2026-03-05 05:00:00
7,ONTARIO_ZONAL_PRICE,45.22,0.13,0.0,2026-03-05,2026-03-05 06:00:00
8,ONTARIO_ZONAL_PRICE,66.48,-0.03,0.0,2026-03-05,2026-03-05 07:00:00
9,ONTARIO_ZONAL_PRICE,58.44,-0.14,0.0,2026-03-05,2026-03-05 08:00:00
10,ONTARIO_ZONAL_PRICE,53.47,-0.01,0.0,2026-03-05,2026-03-05 09:00:00
11,ONTARIO_ZONAL_PRICE,51.32,-0.01,0.0,2026-03-05,2026-03-05 10:00:00
12,ONTARIO_ZONAL_PRICE,44.74,-0.01,0.65,2026-03-05,2026-03-05 11:00:00
13,ONTARIO_ZONAL_PRICE,49.28,0.01,0.17,2026-03-05,2026-03-05 12:00:00
14,ONTARIO_ZONAL_PRICE,45.69,-0.04,-0.37,2026-03-05,2026-03-05 13:00:00
15,ONTARIO_ZONAL_PRICE,48.67,-0.02,-0.4,2026-03-05,2026-03-05 14:00:00
16,ONTARIO_ZONAL_PRICE,47.09,0.0,0.0,2026-03-05,2026-03-05 15:00:00
17,ONTARIO_ZONAL_PRICE,57.42,-0.2,0.0,2026-03-05,2026-03-05 16:00:00
18,ONTARIO_ZONAL_PRICE,73.1,-0.54,0.0,2026-03-05,2026-03-05 17:00:00
19,ONTARIO_ZONAL_PRICE,77.97,-0.7,-0.49,2026-03-05,2026-03-05 18:00:00
20,ONTARIO_ZONAL_PRICE,73.65,-0.5,0.0,2026-03-05,2026-03-05 19:00:00
21,ONTARIO_ZONAL_PRICE,69.29,-0.34,-0.51,2026-03-05,2026-03-05 20:00:00
22,ONTARIO_ZONAL_PRICE,53.73,-0.14,-0.42,2026-03-05,2026-03-05 21:00:00
23,ONTARIO_ZONAL_PRICE,48.81,-0.01,-0.38,2026-03-05,2026-03-05 22:00:00
24,ONTARIO_ZONAL_PRICE,46.53,0.14,-0.32,2026-03-05,2026-03-05 23:00:00
1,ONTARIO_ZONAL_PRICE,50.0,0.03,-0.35,2026-03-06,2026-03-06 00:00:00
2,ONTARIO_ZONAL_PRICE,45.5,0.01,-0.32,2026-03-06,2026-03-06 01:00:00
3,ONTARIO_ZONAL_PRICE,45.09,0.04,0.0,2026-03-06,2026-03-06 02:00:00
4,ONTARIO_ZONAL_PRICE,40.89,0.13,-0.29,2026-03-06,2026-03-06 03:00:00
5,ONTARIO_ZONAL_PRICE,44.14,0.11,0.0,2026-03-06,2026-03-06 04:00:00
6,ONTARIO_ZONAL_PRICE,38.38,0.21,0.0,2026-03-06,2026-03-06 05:00:00
7,ONTARIO_ZONAL_PRICE,49.13,0.04,0.0,2026-03-06,2026-03-06 06:00:00
8,ONTARIO_ZONAL_PRICE,64.28,-0.33,0.0,2026-03-06,2026-03-06 07:00:00
9,ONTARIO_ZONAL_PRICE,64.58,-0.38,-0.55,2026-03-06,2026-03-06 08:00:00
10,ONTARIO_ZONAL_PRICE,72.21,-0.51,0.0,2026-03-06,2026-03-06 09:00:00
11,ONTARIO_ZONAL_PRICE,74.82,-0.33,0.0,2026-03-06,2026-03-06 10:00:00
12,ONTARIO_ZONAL_PRICE,65.23,-0.23,0.0,2026-03-06,2026-03-06 11:00:00
13,ONTARIO_ZONAL_PRICE,56.9,-0.09,0.0,2026-03-06,2026-03-06 12:00:00
14,ONTARIO_ZONAL_PRICE,52.62,-0.09,0.0,2026-03-06,2026-03-06 13:00:00
15,ONTARIO_ZONAL_PRICE,48.41,-0.04,0.0,2026-03-06,2026-03-06 14:00:00
16,ONTARIO_ZONAL_PRICE,47.57,0.02,0.0,2026-03-06,2026-03-06 15:00:00
17,ONTARIO_ZONAL_PRICE,50.56,-0.01,0.0,2026-03-06,2026-03-06 16:00:00
18,ONTARIO_ZONAL_PRICE,50.66,-0.2,0.0,2026-03-06,2026-03-06 17:00:00
19,ONTARIO_ZONAL_PRICE,45.58,-0.25,0.0,2026-03-06,2026-03-06 18:00:00
20,ONTARIO_ZONAL_PRICE,42.95,-0.12,-0.26,2026-03-06,2026-03-06 19:00:00
21,ONTARIO_ZONAL_PRICE,39.05,-0.09,0.0,2026-03-06,2026-03-06 20:00:00
22,ONTARIO_ZONAL_PRICE,38.33,-0.15,0.0,2026-03-06,2026-03-06 21:00:00
23,ONTARIO_ZONAL_PRICE,36.26,-0.07,0.0,2026-03-06,2026-03-06 22:00:00
24,ONTARIO_ZONAL_PRICE,37.16,0.06,0.0,2026-03-06,2026-03-06 23:00:00
1,ONTARIO_ZONAL_PRICE,33.54,0.14,0.0,2026-03-07,2026-03-07 00:00:00
2,ONTARIO_ZONAL_PRICE,25.97,0.1,-0.17,2026-03-07,2026-03-07 01:00:00
3,ONTARIO_ZONAL_PRICE,25.98,0.14,-0.18,2026-03-07,2026-03-07 02:00:00
4,ONTARIO_ZONAL_PRICE,26.67,0.2,-0.18,2026-03-07,2026-03-07 03:00:00
5,ONTARIO_ZONAL_PRICE,24.54,0.19,-0.17,2026-03-07,2026-03-07 04:00:00
6,ONTARIO_ZONAL_PRICE,19.22,0.1,0.0,2026-03-07,2026-03-07 05:00:00
7,ONTARIO_ZONAL_PRICE,26.84,0.04,-0.25,2026-03-07,2026-03-07 06:00:00
8,ONTARIO_ZONAL_PRICE,39.38,0.02,0.0,2026-03-07,2026-03-07 07:00:00
9,ONTARIO_ZONAL_PRICE,41.88,-0.13,0.0,2026-03-07,2026-03-07 08:00:00
10,ONTARIO_ZONAL_PRICE,40.37,-0.21,0.0,2026-03-07,2026-03-07 09:00:00
11,ONTARIO_ZONAL_PRICE,35.93,-0.21,0.0,2026-03-07,2026-03-07 10:00:00
12,ONTARIO_ZONAL_PRICE,33.47,-0.19,0.0,2026-03-07,2026-03-07 11:00:00
13,ONTARIO_ZONAL_PRICE,29.36,-0.17,0.0,2026-03-07,2026-03-07 12:00:00
14,ONTARIO_ZONAL_PRICE,25.59,-0.16,-0.2,2026-03-07,2026-03-07 13:00:00
15,ONTARIO_ZONAL_PRICE,24.86,-0.14,0.0,2026-03-07,2026-03-07 14:00:00
16,ONTARIO_ZONAL_PRICE,25.73,-0.11,0.0,2026-03-07,2026-03-07 15:00:00
17,ONTARIO_ZONAL_PRICE,33.28,-0.22,0.0,2026-03-07,2026-03-07 16:00:00
18,ONTARIO_ZONAL_PRICE,41.73,-0.31,0.0,2026-03-07,2026-03-07 17:00:00
19,ONTARIO_ZONAL_PRICE,53.12,-0.39,0.0,2026-03-07,2026-03-07 18:00:00
20,ONTARIO_ZONAL_PRICE,52.42,-0.29,0.0,2026-03-07,2026-03-07 19:00:00
21,ONTARIO_ZONAL_PRICE,50.4,-0.15,0.0,2026-03-07,2026-03-07 20:00:00
22,ONTARIO_ZONAL_PRICE,42.6,-0.15,-0.3,2026-03-07,2026-03-07 21:00:00
23,ONTARIO_ZONAL_PRICE,42.69,-0.03,-0.33,2026-03-07,2026-03-07 22:00:00
24,ONTARIO_ZONAL_PRICE,34.25,0.08,-0.25,2026-03-07,2026-03-07 23:00:00
1,ONTARIO_ZONAL_PRICE,35.03,0.33,0.0,2026-03-08,2026-03-08 00:00:00
2,ONTARIO_ZONAL_PRICE,34.71,0.34,0.0,2026-03-08,2026-03-08 01:00:00
3,ONTARIO_ZONAL_PRICE,37.38,0.35,0.0,2026-03-08,2026-03-08 02:00:00
4,ONTARIO_ZONAL_PRICE,44.54,0.5,0.0,2026-03-08,2026-03-08 03:00:00
5,ONTARIO_ZONAL_PRICE,48.08,0.28,0.0,2026-03-08,2026-03-08 04:00:00
6,ONTARIO_ZONAL_PRICE,48.32,0.09,0.0,2026-03-08,2026-03-08 05:00:00
7,ONTARIO_ZONAL_PRICE,45.07,0.02,0.0,2026-03-08,2026-03-08 06:00:00
8,ONTARIO_ZONAL_PRICE,48.06,-0.06,-0.1,2026-03-08,2026-03-08 07:00:00
9,ONTARIO_ZONAL_PRICE,39.91,-0.12,0.0,2026-03-08,2026-03-08 08:00:00
10,ONTARIO_ZONAL_PRICE,33.66,-0.01,0.09,2026-03-08,2026-03-08 09:00:00
11,ONTARIO_ZONAL_PRICE,24.71,0.1,0.0,2026-03-08,2026-03-08 10:00:00
12,ONTARIO_ZONAL_PRICE,17.19,0.09,0.0,2026-03-08,2026-03-08 11:00:00
13,ONTARIO_ZONAL_PRICE,16.04,0.1,0.0,2026-03-08,2026-03-08 12:00:00
14,ONTARIO_ZONAL_PRICE,14.31,0.08,0.0,2026-03-08,2026-03-08 13:00:00
15,ONTARIO_ZONAL_PRICE,14.28,0.07,0.0,2026-03-08,2026-03-08 14:00:00
16,ONTARIO_ZONAL_PRICE,14.68,0.07,0.0,2026-03-08,2026-03-08 15:00:00
17,ONTARIO_ZONAL_PRICE,30.43,-0.01,0.0,2026-03-08,2026-03-08 16:00:00
18,ONTARIO_ZONAL_PRICE,48.0,-0.12,0.0,2026-03-08,2026-03-08 17:00:00
19,ONTARIO_ZONAL_PRICE,59.76,-0.24,0.0,2026-03-08,2026-03-08 18:00:00
20,ONTARIO_ZONAL_PRICE,62.05,-0.25,0.0,2026-03-08,2026-03-08 19:00:00
21,ONTARIO_ZONAL_PRICE,49.11,-0.05,0.0,2026-03-08,2026-03-08 20:00:00
22,ONTARIO_ZONAL_PRICE,54.53,0.02,0.0,2026-03-08,2026-03-08 21:00:00
23,ONTARIO_ZONAL_PRICE,34.7,0.22,0.0,2026-03-08,2026-03-08 22:00:00
24,ONTARIO_ZONAL_PRICE,31.07,0.28,0.22,2026-03-08,2026-03-08 23:00:00
1,ONTARIO_ZONAL_PRICE,14.34,0.16,0.0,2026-03-09,2026-03-09 00:00:00
2,ONTARIO_ZONAL_PRICE,14.38,0.15,0.0,2026-03-09,2026-03-09 01:00:00
3,ONTARIO_ZONAL_PRICE,14.46,0.15,0.0,2026-03-09,2026-03-09 02:00:00
4,ONTARIO_ZONAL_PRICE,14.29,0.17,0.0,2026-03-09,2026-03-09 03:00:00
5,ONTARIO_ZONAL_PRICE,19.78,0.17,0.0,2026-03-09,2026-03-09 04:00:00
6,ONTARIO_ZONAL_PRICE,25.09,0.06,0.0,2026-03-09,2026-03-09 05:00:00
7,ONTARIO_ZONAL_PRICE,51.98,-0.15,0.0,2026-03-09,2026-03-09 06:00:00
8,ONTARIO_ZONAL_PRICE,50.27,-0.14,0.0,2026-03-09,2026-03-09 07:00:00
9,ONTARIO_ZONAL_PRICE,36.59,-0.23,0.0,2026-03-09,2026-03-09 08:00:00
10,ONTARIO_ZONAL_PRICE,26.99,-0.12,0.0,2026-03-09,2026-03-09 09:00:00
11,ONTARIO_ZONAL_PRICE,20.38,-0.1,0.0,2026-03-09,2026-03-09 10:00:00
12,ONTARIO_ZONAL_PRICE,21.24,-0.07,0.0,2026-03-09,2026-03-09 11:00:00
13,ONTARIO_ZONAL_PRICE,21.43,-0.07,0.0,2026-03-09,2026-03-09 12:00:00
14,ONTARIO_ZONAL_PRICE,19.15,-0.06,0.0,2026-03-09,2026-03-09 13:00:00
15,ONTARIO_ZONAL_PRICE,15.04,-0.04,0.0,2026-03-09,2026-03-09 14:00:00
16,ONTARIO_ZONAL_PRICE,20.07,-0.05,0.0,2026-03-09,2026-03-09 15:00:00
17,ONTARIO_ZONAL_PRICE,36.31,-0.2,0.0,2026-03-09,2026-03-09 16:00:00
18,ONTARIO_ZONAL_PRICE,52.42,-0.05,0.0,2026-03-09,2026-03-09 17:00:00
19,ONTARIO_ZONAL_PRICE,67.37,-0.11,0.0,2026-03-09,2026-03-09 18:00:00
20,ONTARIO_ZONAL_PRICE,63.21,0.02,0.0,2026-03-09,2026-03-09 19:00:00
21,ONTARIO_ZONAL_PRICE,55.29,0.11,0.0,2026-03-09,2026-03-09 20:00:00
22,ONTARIO_ZONAL_PRICE,40.28,0.15,0.0,2026-03-09,2026-03-09 21:00:00
23,ONTARIO_ZONAL_PRICE,37.53,0.26,0.0,2026-03-09,2026-03-09 22:00:00
24,ONTARIO_ZONAL_PRICE,41.11,0.34,0.0,2026-03-09,2026-03-09 23:00:00
1,ONTARIO_ZONAL_PRICE,33.5,0.44,0.0,2026-03-10,2026-03-10 00:00:00
2,ONTARIO_ZONAL_PRICE,33.36,0.48,0.0,2026-03-10,2026-03-10 01:00:00
3,ONTARIO_ZONAL_PRICE,33.47,0.45,0.0,2026-03-10,2026-03-10 02:00:00
4,ONTARIO_ZONAL_PRICE,33.9,0.45,0.0,2026-03-10,2026-03-10 03:00:00
5,ONTARIO_ZONAL_PRICE,40.52,0.43,0.0,2026-03-10,2026-03-10 04:00:00
6,ONTARIO_ZONAL_PRICE,39.49,0.41,0.0,2026-03-10,2026-03-10 05:00:00
7,ONTARIO_ZONAL_PRICE,48.54,0.33,0.0,2026-03-10,2026-03-10 06:00:00
8,ONTARIO_ZONAL_PRICE,58.32,0.29,0.0,2026-03-10,2026-03-10 07:00:00
9,ONTARIO_ZONAL_PRICE,56.51,0.31,0.0,2026-03-10,2026-03-10 08:00:00
10,ONTARIO_ZONAL_PRICE,42.31,0.22,0.0,2026-03-10,2026-03-10 09:00:00
11,ONTARIO_ZONAL_PRICE,48.33,0.33,0.0,2026-03-10,2026-03-10 10:00:00
12,ONTARIO_ZONAL_PRICE,49.44,0.37,0.0,2026-03-10,2026-03-10 11:00:00
13,ONTARIO_ZONAL_PRICE,49.85,0.4,0.0,2026-03-10,2026-03-10 12:00:00
14,ONTARIO_ZONAL_PRICE,49.81,0.36,0.0,2026-03-10,2026-03-10 13:00:00
15,ONTARIO_ZONAL_PRICE,49.71,0.31,0.0,2026-03-10,2026-03-10 14:00:00
16,ONTARIO_ZONAL_PRICE,49.77,0.28,0.0,2026-03-10,2026-03-10 15:00:00
17,ONTARIO_ZONAL_PRICE,52.38,0.12,0.0,2026-03-10,2026-03-10 16:00:00
18,ONTARIO_ZONAL_PRICE,54.85,-0.05,0.0,2026-03-10,2026-03-10 17:00:00
19,ONTARIO_ZONAL_PRICE,61.13,-0.06,0.0,2026-03-10,2026-03-10 18:00:00
20,ONTARIO_ZONAL_PRICE,53.95,-0.02,0.0,2026-03-10,2026-03-10 19:00:00
21,ONTARIO_ZONAL_PRICE,44.07,0.03,0.0,2026-03-10,2026-03-10 20:00:00
22,ONTARIO_ZONAL_PRICE,38.1,0.28,0.0,2026-03-10,2026-03-10 21:00:00
23,ONTARIO_ZONAL_PRICE,36.54,0.37,0.0,2026-03-10,2026-03-10 22:00:00
24,ONTARIO_ZONAL_PRICE,36.44,0.34,0.0,2026-03-10,2026-03-10 23:00:00
1,ONTARIO_ZONAL_PRICE,30.23,0.39,0.0,2026-03-11,2026-03-11 00:00:00
2,ONTARIO_ZONAL_PRICE,28.4,0.37,0.0,2026-03-11,2026-03-11 01:00:00
3,ONTARIO_ZONAL_PRICE,30.22,0.38,0.0,2026-03-11,2026-03-11 02:00:00
4,ONTARIO_ZONAL_PRICE,32.03,0.37,0.0,2026-03-11,2026-03-11 03:00:00
5,ONTARIO_ZONAL_PRICE,33.83,0.34,0.0,2026-03-11,2026-03-11 04:00:00
6,ONTARIO_ZONAL_PRICE,36.36,0.28,0.0,2026-03-11,2026-03-11 05:00:00
7,ONTARIO_ZONAL_PRICE,45.16,0.11,0.0,2026-03-11,2026-03-11 06:00:00
8,ONTARIO_ZONAL_PRICE,61.58,0.0,0.0,2026-03-11,2026-03-11 07:00:00
9,ONTARIO_ZONAL_PRICE,52.21,-0.2,0.0,2026-03-11,2026-03-11 08:00:00
10,ONTARIO_ZONAL_PRICE,49.94,-0.15,0.0,2026-03-11,2026-03-11 09:00:00
11,ONTARIO_ZONAL_PRICE,47.76,-0.19,0.0,2026-03-11,2026-03-11 10:00:00
12,ONTARIO_ZONAL_PRICE,43.68,-0.13,0.0,2026-03-11,2026-03-11 11:00:00
13,ONTARIO_ZONAL_PRICE,48.33,-0.11,0.0,2026-03-11,2026-03-11 12:00:00
14,ONTARIO_ZONAL_PRICE,43.08,-0.06,0.0,2026-03-11,2026-03-11 13:00:00
15,ONTARIO_ZONAL_PRICE,41.41,-0.05,0.0,2026-03-11,2026-03-11 14:00:00
16,ONTARIO_ZONAL_PRICE,36.39,0.0,0.03,2026-03-11,2026-03-11 15:00:00
17,ONTARIO_ZONAL_PRICE,37.79,-0.03,0.0,2026-03-11,2026-03-11 16:00:00
18,ONTARIO_ZONAL_PRICE,42.18,0.03,0.0,2026-03-11,2026-03-11 17:00:00
19,ONTARIO_ZONAL_PRICE,44.09,0.05,0.0,2026-03-11,2026-03-11 18:00:00
20,ONTARIO_ZONAL_PRICE,37.91,0.12,0.0,2026-03-11,2026-03-11 19:00:00
21,ONTARIO_ZONAL_PRICE,37.4,0.26,0.0,2026-03-11,2026-03-11 20:00:00
22,ONTARIO_ZONAL_PRICE,35.11,0.14,0.0,2026-03-11,2026-03-11 21:00:00
23,ONTARIO_ZONAL_PRICE,32.94,0.22,0.0,2026-03-11,2026-03-11 22:00:00
24,ONTARIO_ZONAL_PRICE,26.1,0.26,0.0,2026-03-11,2026-03-11 23:00:00
1,ONTARIO_ZONAL_PRICE,14.97,0.13,0.0,2026-03-12,2026-03-12 00:00:00
2,ONTARIO_ZONAL_PRICE,23.92,0.25,0.0,2026-03-12,2026-03-12 01:00:00
3,ONTARIO_ZONAL_PRICE,27.56,0.26,0.0,2026-03-12,2026-03-12 02:00:00
4,ONTARIO_ZONAL_PRICE,30.34,0.31,0.0,2026-03-12,2026-03-12 03:00:00
5,ONTARIO_ZONAL_PRICE,30.36,0.33,0.0,2026-03-12,2026-03-12 04:00:00
6,ONTARIO_ZONAL_PRICE,38.29,0.45,0.0,2026-03-12,2026-03-12 05:00:00
7,ONTARIO_ZONAL_PRICE,52.75,0.39,0.0,2026-03-12,2026-03-12 06:00:00
8,ONTARIO_ZONAL_PRICE,57.74,0.23,0.0,2026-03-12,2026-03-12 07:00:00
9,ONTARIO_ZONAL_PRICE,44.12,0.08,0.0,2026-03-12,2026-03-12 08:00:00
10,ONTARIO_ZONAL_PRICE,36.74,0.11,0.0,2026-03-12,2026-03-12 09:00:00
11,ONTARIO_ZONAL_PRICE,35.43,0.1,0.04,2026-03-12,2026-03-12 10:00:00
12,ONTARIO_ZONAL_PRICE,35.44,0.16,0.0,2026-03-12,2026-03-12 11:00:00
13,ONTARIO_ZONAL_PRICE,34.77,0.13,0.0,2026-03-12,2026-03-12 12:00:00
14,ONTARIO_ZONAL_PRICE,32.78,0.11,0.0,2026-03-12,2026-03-12 13:00:00
15,ONTARIO_ZONAL_PRICE,31.23,0.1,0.0,2026-03-12,2026-03-12 14:00:00
16,ONTARIO_ZONAL_PRICE,38.27,0.14,0.0,2026-03-12,2026-03-12 15:00:00
17,ONTARIO_ZONAL_PRICE,41.14,0.21,0.0,2026-03-12,2026-03-12 16:00:00
18,ONTARIO_ZONAL_PRICE,57.06,0.17,0.0,2026-03-12,2026-03-12 17:00:00
19,ONTARIO_ZONAL_PRICE,66.28,0.15,0.0,2026-03-12,2026-03-12 18:00:00
20,ONTARIO_ZONAL_PRICE,72.46,0.31,0.0,2026-03-12,2026-03-12 19:00:00
21,ONTARIO_ZONAL_PRICE,60.43,0.23,0.0,2026-03-12,2026-03-12 20:00:00
22,ONTARIO_ZONAL_PRICE,45.41,0.22,0.0,2026-03-12,2026-03-12 21:00:00
23,ONTARIO_ZONAL_PRICE,40.23,0.35,0.0,2026-03-12,2026-03-12 22:00:00
24,ONTARIO_ZONAL_PRICE,39.95,0.39,0.0,2026-03-12,2026-03-12 23:00:00
1,ONTARIO_ZONAL_PRICE,58.52,0.38,0.0,2026-03-13,2026-03-13 00:00:00
2,ONTARIO_ZONAL_PRICE,49.06,0.34,0.0,2026-03-13,2026-03-13 01:00:00
3,ONTARIO_ZONAL_PRICE,46.24,0.26,0.0,2026-03-13,2026-03-13 02:00:00
4,ONTARIO_ZONAL_PRICE,45.46,0.31,0.0,2026-03-13,2026-03-13 03:00:00
5,ONTARIO_ZONAL_PRICE,49.33,0.28,0.0,2026-03-13,2026-03-13 04:00:00
6,ONTARIO_ZONAL_PRICE,50.52,0.28,0.0,2026-03-13,2026-03-13 05:00:00
7,ONTARIO_ZONAL_PRICE,61.42,0.04,0.0,2026-03-13,2026-03-13 06:00:00
8,ONTARIO_ZONAL_PRICE,62.9,-0.11,0.0,2026-03-13,2026-03-13 07:00:00
9,ONTARIO_ZONAL_PRICE,51.38,-0.19,0.0,2026-03-13,2026-03-13 08:00:00
10,ONTARIO_ZONAL_PRICE,43.91,-0.13,0.0,2026-03-13,2026-03-13 09:00:00
11,ONTARIO_ZONAL_PRICE,41.04,-0.1,0.0,2026-03-13,2026-03-13 10:00:00
12,ONTARIO_ZONAL_PRICE,37.97,-0.07,0.0,2026-03-13,2026-03-13 11:00:00
13,ONTARIO_ZONAL_PRICE,37.92,-0.11,0.0,2026-03-13,2026-03-13 12:00:00
14,ONTARIO_ZONAL_PRICE,37.06,-0.09,0.0,2026-03-13,2026-03-13 13:00:00
15,ONTARIO_ZONAL_PRICE,36.6,-0.08,0.0,2026-03-13,2026-03-13 14:00:00
16,ONTARIO_ZONAL_PRICE,37.22,-0.04,0.0,2026-03-13,2026-03-13 15:00:00
17,ONTARIO_ZONAL_PRICE,37.17,-0.09,0.0,2026-03-13,2026-03-13 16:00:00
18,ONTARIO_ZONAL_PRICE,50.29,-0.06,0.0,2026-03-13,2026-03-13 17:00:00
19,ONTARIO_ZONAL_PRICE,50.9,-0.1,0.0,2026-03-13,2026-03-13 18:00:00
20,ONTARIO_ZONAL_PRICE,45.17,-0.01,0.0,2026-03-13,2026-03-13 19:00:00
21,ONTARIO_ZONAL_PRICE,37.08,0.09,0.0,2026-03-13,2026-03-13 20:00:00
22,ONTARIO_ZONAL_PRICE,37.02,0.1,0.0,2026-03-13,2026-03-13 21:00:00
23,ONTARIO_ZONAL_PRICE,36.44,0.26,0.0,2026-03-13,2026-03-13 22:00:00
24,ONTARIO_ZONAL_PRICE,34.19,0.32,0.0,2026-03-13,2026-03-13 23:00:00
1,ONTARIO_ZONAL_PRICE,25.56,0.26,0.0,2026-03-14,2026-03-14 00:00:00
2,ONTARIO_ZONAL_PRICE,24.82,0.27,0.0,2026-03-14,2026-03-14 01:00:00
3,ONTARIO_ZONAL_PRICE,24.49,0.27,0.0,2026-03-14,2026-03-14 02:00:00
4,ONTARIO_ZONAL_PRICE,25.43,0.31,0.0,2026-03-14,2026-03-14 03:00:00
5,ONTARIO_ZONAL_PRICE,34.83,0.39,0.0,2026-03-14,2026-03-14 04:00:00
6,ONTARIO_ZONAL_PRICE,37.41,0.37,0.0,2026-03-14,2026-03-14 05:00:00
7,ONTARIO_ZONAL_PRICE,48.52,0.5,1.12,2026-03-14,2026-03-14 06:00:00
8,ONTARIO_ZONAL_PRICE,46.49,0.49,0.0,2026-03-14,2026-03-14 07:00:00
9,ONTARIO_ZONAL_PRICE,50.11,0.47,0.0,2026-03-14,2026-03-14 08:00:00
10,ONTARIO_ZONAL_PRICE,49.03,0.45,0.0,2026-03-14,2026-03-14 09:00:00
11,ONTARIO_ZONAL_PRICE,40.67,0.33,0.0,2026-03-14,2026-03-14 10:00:00
12,ONTARIO_ZONAL_PRICE,38.36,0.26,0.0,2026-03-14,2026-03-14 11:00:00
13,ONTARIO_ZONAL_PRICE,36.38,0.24,0.0,2026-03-14,2026-03-14 12:00:00
14,ONTARIO_ZONAL_PRICE,36.24,0.25,0.0,2026-03-14,2026-03-14 13:00:00
15,ONTARIO_ZONAL_PRICE,35.55,0.24,0.0,2026-03-14,2026-03-14 14:00:00
16,ONTARIO_ZONAL_PRICE,36.95,0.27,0.0,2026-03-14,2026-03-14 15:00:00
17,ONTARIO_ZONAL_PRICE,47.52,0.16,0.0,2026-03-14,2026-03-14 16:00:00
18,ONTARIO_ZONAL_PRICE,62.23,0.07,0.0,2026-03-14,2026-03-14 17:00:00
19,ONTARIO_ZONAL_PRICE,81.62,0.02,0.0,2026-03-14,2026-03-14 18:00:00
20,ONTARIO_ZONAL_PRICE,76.45,0.02,0.0,2026-03-14,2026-03-14 19:00:00
21,ONTARIO_ZONAL_PRICE,57.01,-0.07,0.0,2026-03-14,2026-03-14 20:00:00
22,ONTARIO_ZONAL_PRICE,42.81,0.08,0.0,2026-03-14,2026-03-14 21:00:00
23,ONTARIO_ZONAL_PRICE,46.97,0.28,0.0,2026-03-14,2026-03-14 22:00:00
24,ONTARIO_ZONAL_PRICE,44.12,0.33,0.0,2026-03-14,2026-03-14 23:00:00
1,ONTARIO_ZONAL_PRICE,52.3,0.43,0.07,2026-03-15,2026-03-15 00:00:00
2,ONTARIO_ZONAL_PRICE,45.44,0.38,0.0,2026-03-15,2026-03-15 01:00:00
3,ONTARIO_ZONAL_PRICE,45.15,0.36,0.0,2026-03-15,2026-03-15 02:00:00
4,ONTARIO_ZONAL_PRICE,45.15,0.41,0.0,2026-03-15,2026-03-15 03:00:00
5,ONTARIO_ZONAL_PRICE,44.59,0.31,0.0,2026-03-15,2026-03-15 04:00:00
6,ONTARIO_ZONAL_PRICE,40.82,0.28,0.0,2026-03-15,2026-03-15 05:00:00
7,ONTARIO_ZONAL_PRICE,36.8,0.17,0.0,2026-03-15,2026-03-15 06:00:00
8,ONTARIO_ZONAL_PRICE,34.23,0.1,0.0,2026-03-15,2026-03-15 07:00:00
9,ONTARIO_ZONAL_PRICE,35.16,0.0,0.12,2026-03-15,2026-03-15 08:00:00
10,ONTARIO_ZONAL_PRICE,27.62,-0.03,0.0,2026-03-15,2026-03-15 09:00:00
11,ONTARIO_ZONAL_PRICE,27.62,-0.02,0.0,2026-03-15,2026-03-15 10:00:00
12,ONTARIO_ZONAL_PRICE,27.98,0.01,0.0,2026-03-15,2026-03-15 11:00:00
13,ONTARIO_ZONAL_PRICE,27.74,0.04,0.0,2026-03-15,2026-03-15 12:00:00
14,ONTARIO_ZONAL_PRICE,25.28,0.03,0.0,2026-03-15,2026-03-15 13:00:00
15,ONTARIO_ZONAL_PRICE,22.44,0.05,0.0,2026-03-15,2026-03-15 14:00:00
16,ONTARIO_ZONAL_PRICE,22.87,0.05,0.0,2026-03-15,2026-03-15 15:00:00
17,ONTARIO_ZONAL_PRICE,20.36,0.04,0.0,2026-03-15,2026-03-15 16:00:00
18,ONTARIO_ZONAL_PRICE,35.15,0.03,0.0,2026-03-15,2026-03-15 17:00:00
19,ONTARIO_ZONAL_PRICE,39.09,0.01,0.0,2026-03-15,2026-03-15 18:00:00
20,ONTARIO_ZONAL_PRICE,35.61,0.04,0.0,2026-03-15,2026-03-15 19:00:00
21,ONTARIO_ZONAL_PRICE,23.2,0.06,0.0,2026-03-15,2026-03-15 20:00:00
22,ONTARIO_ZONAL_PRICE,24.33,0.13,0.0,2026-03-15,2026-03-15 21:00:00
23,ONTARIO_ZONAL_PRICE,29.85,0.26,0.25,2026-03-15,2026-03-15 22:00:00
24,ONTARIO_ZONAL_PRICE,24.25,0.24,0.0,2026-03-15,2026-03-15 23:00:00
1,ONTARIO_ZONAL_PRICE,14.46,0.18,0.0,2026-03-16,2026-03-16 00:00:00
2,ONTARIO_ZONAL_PRICE,14.91,0.19,0.0,2026-03-16,2026-03-16 01:00:00
3,ONTARIO_ZONAL_PRICE,14.65,0.2,0.0,2026-03-16,2026-03-16 02:00:00
4,ONTARIO_ZONAL_PRICE,14.93,0.21,0.0,2026-03-16,2026-03-16 03:00:00
5,ONTARIO_ZONAL_PRICE,19.54,0.23,0.0,2026-03-16,2026-03-16 04:00:00
6,ONTARIO_ZONAL_PRICE,26.39,0.27,0.0,2026-03-16,2026-03-16 05:00:00
7,ONTARIO_ZONAL_PRICE,28.77,0.18,0.0,2026-03-16,2026-03-16 06:00:00
8,ONTARIO_ZONAL_PRICE,43.28,0.24,0.0,2026-03-16,2026-03-16 07:00:00
9,ONTARIO_ZONAL_PRICE,39.76,0.17,0.0,2026-03-16,2026-03-16 08:00:00
10,ONTARIO_ZONAL_PRICE,35.49,0.1,0.0,2026-03-16,2026-03-16 09:00:00
11,ONTARIO_ZONAL_PRICE,32.62,0.09,0.0,2026-03-16,2026-03-16 10:00:00
12,ONTARIO_ZONAL_PRICE,35.96,0.18,0.0,2026-03-16,2026-03-16 11:00:00
13,ONTARIO_ZONAL_PRICE,36.16,0.12,0.0,2026-03-16,2026-03-16 12:00:00
14,ONTARIO_ZONAL_PRICE,35.78,0.1,0.0,2026-03-16,2026-03-16 13:00:00
15,ONTARIO_ZONAL_PRICE,35.83,0.08,0.0,2026-03-16,2026-03-16 14:00:00
16,ONTARIO_ZONAL_PRICE,37.72,0.08,0.0,2026-03-16,2026-03-16 15:00:00
17,ONTARIO_ZONAL_PRICE,37.85,0.09,0.0,2026-03-16,2026-03-16 16:00:00
18,ONTARIO_ZONAL_PRICE,51.72,0.08,0.0,2026-03-16,2026-03-16 17:00:00
19,ONTARIO_ZONAL_PRICE,55.55,0.11,0.0,2026-03-16,2026-03-16 18:00:00
20,ONTARIO_ZONAL_PRICE,53.78,0.17,0.0,2026-03-16,2026-03-16 19:00:00
21,ONTARIO_ZONAL_PRICE,41.04,0.15,0.0,2026-03-16,2026-03-16 20:00:00
22,ONTARIO_ZONAL_PRICE,32.67,0.16,0.0,2026-03-16,2026-03-16 21:00:00
23,ONTARIO_ZONAL_PRICE,35.35,0.32,0.0,2026-03-16,2026-03-16 22:00:00
24,ONTARIO_ZONAL_PRICE,26.53,0.3,0.0,2026-03-16,2026-03-16 23:00:00
1,ONTARIO_ZONAL_PRICE,29.7,0.27,0.0,2026-03-17,2026-03-17 00:00:00
2,ONTARIO_ZONAL_PRICE,25.77,0.25,0.0,2026-03-17,2026-03-17 01:00:00
3,ONTARIO_ZONAL_PRICE,27.41,0.27,0.0,2026-03-17,2026-03-17 02:00:00
4,ONTARIO_ZONAL_PRICE,30.78,0.35,0.0,2026-03-17,2026-03-17 03:00:00
5,ONTARIO_ZONAL_PRICE,28.77,0.32,0.0,2026-03-17,2026-03-17 04:00:00
6,ONTARIO_ZONAL_PRICE,35.98,0.32,0.0,2026-03-17,2026-03-17 05:00:00
7,ONTARIO_ZONAL_PRICE,50.81,0.31,0.0,2026-03-17,2026-03-17 06:00:00
8,ONTARIO_ZONAL_PRICE,59.4,0.29,0.0,2026-03-17,2026-03-17 07:00:00
9,ONTARIO_ZONAL_PRICE,51.35,0.24,0.0,2026-03-17,2026-03-17 08:00:00
10,ONTARIO_ZONAL_PRICE,43.09,0.21,0.0,2026-03-17,2026-03-17 09:00:00
11,ONTARIO_ZONAL_PRICE,36.04,0.11,0.0,2026-03-17,2026-03-17 10:00:00
12,ONTARIO_ZONAL_PRICE,35.69,0.17,0.0,2026-03-17,2026-03-17 11:00:00
13,ONTARIO_ZONAL_PRICE,36.09,0.1,0.0,2026-03-17,2026-03-17 12:00:00
14,ONTARIO_ZONAL_PRICE,35.58,0.1,0.0,2026-03-17,2026-03-17 13:00:00
15,ONTARIO_ZONAL_PRICE,35.86,0.08,0.0,2026-03-17,2026-03-17 14:00:00
16,ONTARIO_ZONAL_PRICE,40.39,0.21,0.0,2026-03-17,2026-03-17 15:00:00
17,ONTARIO_ZONAL_PRICE,50.44,0.28,0.0,2026-03-17,2026-03-17 16:00:00
18,ONTARIO_ZONAL_PRICE,73.33,0.15,0.0,2026-03-17,2026-03-17 17:00:00
19,ONTARIO_ZONAL_PRICE,94.93,0.08,0.0,2026-03-17,2026-03-17 18:00:00
20,ONTARIO_ZONAL_PRICE,88.25,0.29,0.0,2026-03-17,2026-03-17 19:00:00
21,ONTARIO_ZONAL_PRICE,72.52,0.28,0.0,2026-03-17,2026-03-17 20:00:00
22,ONTARIO_ZONAL_PRICE,54.94,0.25,0.0,2026-03-17,2026-03-17 21:00:00
23,ONTARIO_ZONAL_PRICE,43.61,0.36,0.0,2026-03-17,2026-03-17 22:00:00
24,ONTARIO_ZONAL_PRICE,39.09,0.44,0.0,2026-03-17,2026-03-17 23:00:00
1,ONTARIO_ZONAL_PRICE,49.12,0.36,0.0,2026-03-18,2026-03-18 00:00:00
2,ONTARIO_ZONAL_PRICE,52.86,0.51,0.0,2026-03-18,2026-03-18 01:00:00
3,ONTARIO_ZONAL_PRICE,50.51,0.49,0.0,2026-03-18,2026-03-18 02:00:00
4,ONTARIO_ZONAL_PRICE,50.34,0.56,0.0,2026-03-18,2026-03-18 03:00:00
5,ONTARIO_ZONAL_PRICE,46.79,0.49,0.0,2026-03-18,2026-03-18 04:00:00
6,ONTARIO_ZONAL_PRICE,59.53,0.43,0.0,2026-03-18,2026-03-18 05:00:00
7,ONTARIO_ZONAL_PRICE,105.91,0.28,0.0,2026-03-18,2026-03-18 06:00:00
8,ONTARIO_ZONAL_PRICE,106.12,0.38,0.0,2026-03-18,2026-03-18 07:00:00
9,ONTARIO_ZONAL_PRICE,61.53,0.3,0.0,2026-03-18,2026-03-18 08:00:00
10,ONTARIO_ZONAL_PRICE,44.42,0.23,0.0,2026-03-18,2026-03-18 09:00:00
11,ONTARIO_ZONAL_PRICE,36.14,0.24,0.19,2026-03-18,2026-03-18 10:00:00
12,ONTARIO_ZONAL_PRICE,35.47,0.29,0.0,2026-03-18,2026-03-18 11:00:00
13,ONTARIO_ZONAL_PRICE,35.46,0.27,0.0,2026-03-18,2026-03-18 12:00:00
14,ONTARIO_ZONAL_PRICE,27.61,0.21,0.0,2026-03-18,2026-03-18 13:00:00
15,ONTARIO_ZONAL_PRICE,27.64,0.23,0.0,2026-03-18,2026-03-18 14:00:00
16,ONTARIO_ZONAL_PRICE,35.58,0.31,0.0,2026-03-18,2026-03-18 15:00:00
17,ONTARIO_ZONAL_PRICE,40.06,0.24,0.0,2026-03-18,2026-03-18 16:00:00
18,ONTARIO_ZONAL_PRICE,54.54,0.22,0.0,2026-03-18,2026-03-18 17:00:00
19,ONTARIO_ZONAL_PRICE,78.35,0.19,0.0,2026-03-18,2026-03-18 18:00:00
20,ONTARIO_ZONAL_PRICE,63.47,0.24,0.0,2026-03-18,2026-03-18 19:00:00
21,ONTARIO_ZONAL_PRICE,50.36,0.16,0.0,2026-03-18,2026-03-18 20:00:00
22,ONTARIO_ZONAL_PRICE,37.17,0.09,0.0,2026-03-18,2026-03-18 21:00:00
23,ONTARIO_ZONAL_PRICE,36.52,0.23,0.0,2026-03-18,2026-03-18 22:00:00
24,ONTARIO_ZONAL_PRICE,36.17,0.28,0.0,2026-03-18,2026-03-18 23:00:00
1,ONTARIO_ZONAL_PRICE,44.59,0.27,0.0,2026-03-19,2026-03-19 00:00:00
2,ONTARIO_ZONAL_PRICE,43.38,0.33,0.0,2026-03-19,2026-03-19 01:00:00
3,ONTARIO_ZONAL_PRICE,37.79,0.28,0.0,2026-03-19,2026-03-19 02:00:00
4,ONTARIO_ZONAL_PRICE,39.96,0.43,0.0,2026-03-19,2026-03-19 03:00:00
5,ONTARIO_ZONAL_PRICE,39.81,0.46,0.0,2026-03-19,2026-03-19 04:00:00
6,ONTARIO_ZONAL_PRICE,46.47,0.63,0.0,2026-03-19,2026-03-19 05:00:00
7,ONTARIO_ZONAL_PRICE,65.6,0.47,0.0,2026-03-19,2026-03-19 06:00:00
8,ONTARIO_ZONAL_PRICE,75.85,0.47,0.0,2026-03-19,2026-03-19 07:00:00
9,ONTARIO_ZONAL_PRICE,63.62,0.24,0.0,2026-03-19,2026-03-19 08:00:00
10,ONTARIO_ZONAL_PRICE,49.56,0.21,0.0,2026-03-19,2026-03-19 09:00:00
11,ONTARIO_ZONAL_PRICE,43.01,0.15,0.0,2026-03-19,2026-03-19 10:00:00
12,ONTARIO_ZONAL_PRICE,41.35,0.17,0.0,2026-03-19,2026-03-19 11:00:00
13,ONTARIO_ZONAL_PRICE,41.77,0.14,0.0,2026-03-19,2026-03-19 12:00:00
14,ONTARIO_ZONAL_PRICE,38.31,0.25,0.0,2026-03-19,2026-03-19 13:00:00
15,ONTARIO_ZONAL_PRICE,37.44,0.24,0.0,2026-03-19,2026-03-19 14:00:00
16,ONTARIO_ZONAL_PRICE,38.3,0.18,0.0,2026-03-19,2026-03-19 15:00:00
17,ONTARIO_ZONAL_PRICE,48.02,0.16,0.0,2026-03-19,2026-03-19 16:00:00
18,ONTARIO_ZONAL_PRICE,60.28,0.06,0.0,2026-03-19,2026-03-19 17:00:00
19,ONTARIO_ZONAL_PRICE,77.26,0.17,0.0,2026-03-19,2026-03-19 18:00:00
20,ONTARIO_ZONAL_PRICE,71.28,0.25,0.0,2026-03-19,2026-03-19 19:00:00
21,ONTARIO_ZONAL_PRICE,58.28,0.21,0.0,2026-03-19,2026-03-19 20:00:00
22,ONTARIO_ZONAL_PRICE,43.69,0.4,0.0,2026-03-19,2026-03-19 21:00:00
23,ONTARIO_ZONAL_PRICE,41.22,0.54,0.0,2026-03-19,2026-03-19 22:00:00
24,ONTARIO_ZONAL_PRICE,39.86,0.6,0.0,2026-03-19,2026-03-19 23:00:00
1,ONTARIO_ZONAL_PRICE,44.42,0.23,0.0,2026-03-20,2026-03-20 00:00:00
2,ONTARIO_ZONAL_PRICE,38.25,0.24,0.0,2026-03-20,2026-03-20 01:00:00
3,ONTARIO_ZONAL_PRICE,36.09,0.22,0.0,2026-03-20,2026-03-20 02:00:00
4,ONTARIO_ZONAL_PRICE,36.48,0.22,0.0,2026-03-20,2026-03-20 03:00:00
5,ONTARIO_ZONAL_PRICE,33.49,0.19,0.0,2026-03-20,2026-03-20 04:00:00
6,ONTARIO_ZONAL_PRICE,36.58,0.13,0.0,2026-03-20,2026-03-20 05:00:00
7,ONTARIO_ZONAL_PRICE,43.16,0.09,0.0,2026-03-20,2026-03-20 06:00:00
8,ONTARIO_ZONAL_PRICE,56.13,0.08,0.0,2026-03-20,2026-03-20 07:00:00
9,ONTARIO_ZONAL_PRICE,47.7,-0.08,0.0,2026-03-20,2026-03-20 08:00:00
10,ONTARIO_ZONAL_PRICE,38.56,-0.02,0.0,2026-03-20,2026-03-20 09:00:00
11,ONTARIO_ZONAL_PRICE,38.34,0.01,0.0,2026-03-20,2026-03-20 10:00:00
12,ONTARIO_ZONAL_PRICE,44.24,0.06,0.0,2026-03-20,2026-03-20 11:00:00
13,ONTARIO_ZONAL_PRICE,40.02,0.03,0.0,2026-03-20,2026-03-20 12:00:00
14,ONTARIO_ZONAL_PRICE,39.73,0.08,0.0,2026-03-20,2026-03-20 13:00:00
15,ONTARIO_ZONAL_PRICE,45.08,0.17,0.0,2026-03-20,2026-03-20 14:00:00
16,ONTARIO_ZONAL_PRICE,43.22,0.18,0.0,2026-03-20,2026-03-20 15:00:00
17,ONTARIO_ZONAL_PRICE,50.91,0.12,0.0,2026-03-20,2026-03-20 16:00:00
18,ONTARIO_ZONAL_PRICE,59.6,-0.04,0.0,2026-03-20,2026-03-20 17:00:00
19,ONTARIO_ZONAL_PRICE,68.96,0.0,0.0,2026-03-20,2026-03-20 18:00:00
20,ONTARIO_ZONAL_PRICE,64.28,0.06,0.0,2026-03-20,2026-03-20 19:00:00
21,ONTARIO_ZONAL_PRICE,54.21,0.16,0.0,2026-03-20,2026-03-20 20:00:00
22,ONTARIO_ZONAL_PRICE,46.3,0.25,0.0,2026-03-20,2026-03-20 21:00:00
23,ONTARIO_ZONAL_PRICE,43.91,0.39,0.0,2026-03-20,2026-03-20 22:00:00
24,ONTARIO_ZONAL_PRICE,38.92,0.53,0.31,2026-03-20,2026-03-20 23:00:00
1,ONTARIO_ZONAL_PRICE,44.41,0.31,0.0,2026-03-21,2026-03-21 00:00:00
2,ONTARIO_ZONAL_PRICE,39.33,0.29,0.0,2026-03-21,2026-03-21 01:00:00
3,ONTARIO_ZONAL_PRICE,37.31,0.27,0.0,2026-03-21,2026-03-21 02:00:00
4,ONTARIO_ZONAL_PRICE,39.4,0.36,0.0,2026-03-21,2026-03-21 03:00:00
5,ONTARIO_ZONAL_PRICE,40.41,0.38,1.3,2026-03-21,2026-03-21 04:00:00
6,ONTARIO_ZONAL_PRICE,51.01,0.67,1.22,2026-03-21,2026-03-21 05:00:00
7,ONTARIO_ZONAL_PRICE,51.96,0.52,1.98,2026-03-21,2026-03-21 06:00:00
8,ONTARIO_ZONAL_PRICE,53.48,0.44,2.02,2026-03-21,2026-03-21 07:00:00
9,ONTARIO_ZONAL_PRICE,49.83,0.31,0.0,2026-03-21,2026-03-21 08:00:00
10,ONTARIO_ZONAL_PRICE,40.82,0.15,2.15,2026-03-21,2026-03-21 09:00:00
11,ONTARIO_ZONAL_PRICE,38.54,0.16,1.24,2026-03-21,2026-03-21 10:00:00
12,ONTARIO_ZONAL_PRICE,36.65,0.18,0.0,2026-03-21,2026-03-21 11:00:00
13,ONTARIO_ZONAL_PRICE,35.44,0.14,0.0,2026-03-21,2026-03-21 12:00:00
14,ONTARIO_ZONAL_PRICE,35.23,0.13,0.0,2026-03-21,2026-03-21 13:00:00
15,ONTARIO_ZONAL_PRICE,32.72,0.11,1.36,2026-03-21,2026-03-21 14:00:00
16,ONTARIO_ZONAL_PRICE,37.23,0.14,1.34,2026-03-21,2026-03-21 15:00:00
17,ONTARIO_ZONAL_PRICE,41.69,0.08,0.0,2026-03-21,2026-03-21 16:00:00
18,ONTARIO_ZONAL_PRICE,49.09,0.04,0.0,2026-03-21,2026-03-21 17:00:00
19,ONTARIO_ZONAL_PRICE,57.12,0.07,0.0,2026-03-21,2026-03-21 18:00:00
20,ONTARIO_ZONAL_PRICE,51.5,0.18,0.0,2026-03-21,2026-03-21 19:00:00
21,ONTARIO_ZONAL_PRICE,43.25,0.2,0.0,2026-03-21,2026-03-21 20:00:00
22,ONTARIO_ZONAL_PRICE,40.56,0.26,1.26,2026-03-21,2026-03-21 21:00:00
23,ONTARIO_ZONAL_PRICE,39.39,0.42,2.26,2026-03-21,2026-03-21 22:00:00
24,ONTARIO_ZONAL_PRICE,36.15,0.31,0.0,2026-03-21,2026-03-21 23:00:00
1,ONTARIO_ZONAL_PRICE,34.73,0.33,0.0,2026-03-22,2026-03-22 00:00:00
2,ONTARIO_ZONAL_PRICE,35.29,0.35,0.0,2026-03-22,2026-03-22 01:00:00
3,ONTARIO_ZONAL_PRICE,34.14,0.36,0.0,2026-03-22,2026-03-22 02:00:00
4,ONTARIO_ZONAL_PRICE,34.63,0.4,0.0,2026-03-22,2026-03-22 03:00:00
5,ONTARIO_ZONAL_PRICE,34.86,0.38,0.0,2026-03-22,2026-03-22 04:00:00
6,ONTARIO_ZONAL_PRICE,36.64,0.33,1.29,2026-03-22,2026-03-22 05:00:00
7,ONTARIO_ZONAL_PRICE,37.94,0.31,1.21,2026-03-22,2026-03-22 06:00:00
8,ONTARIO_ZONAL_PRICE,45.46,0.36,1.09,2026-03-22,2026-03-22 07:00:00
9,ONTARIO_ZONAL_PRICE,45.88,0.3,0.0,2026-03-22,2026-03-22 08:00:00
10,ONTARIO_ZONAL_PRICE,49.25,0.32,0.94,2026-03-22,2026-03-22 09:00:00
11,ONTARIO_ZONAL_PRICE,49.13,0.29,0.89,2026-03-22,2026-03-22 10:00:00
12,ONTARIO_ZONAL_PRICE,41.47,0.27,0.0,2026-03-22,2026-03-22 11:00:00
13,ONTARIO_ZONAL_PRICE,38.62,0.13,0.71,2026-03-22,2026-03-22 12:00:00
14,ONTARIO_ZONAL_PRICE,37.08,0.11,0.0,2026-03-22,2026-03-22 13:00:00
15,ONTARIO_ZONAL_PRICE,36.15,0.16,0.0,2026-03-22,2026-03-22 14:00:00
16,ONTARIO_ZONAL_PRICE,35.85,0.22,0.0,2026-03-22,2026-03-22 15:00:00
17,ONTARIO_ZONAL_PRICE,36.64,0.12,0.0,2026-03-22,2026-03-22 16:00:00
18,ONTARIO_ZONAL_PRICE,45.69,0.07,0.0,2026-03-22,2026-03-22 17:00:00
19,ONTARIO_ZONAL_PRICE,53.03,0.13,0.86,2026-03-22,2026-03-22 18:00:00
20,ONTARIO_ZONAL_PRICE,50.95,0.25,0.0,2026-03-22,2026-03-22 19:00:00
21,ONTARIO_ZONAL_PRICE,46.81,0.21,0.0,2026-03-22,2026-03-22 20:00:00
22,ONTARIO_ZONAL_PRICE,39.8,0.2,0.0,2026-03-22,2026-03-22 21:00:00
23,ONTARIO_ZONAL_PRICE,38.09,0.42,0.0,2026-03-22,2026-03-22 22:00:00
24,ONTARIO_ZONAL_PRICE,38.22,0.48,0.0,2026-03-22,2026-03-22 23:00:00
1,ONTARIO_ZONAL_PRICE,34.12,0.41,0.0,2026-03-23,2026-03-23 00:00:00
2,ONTARIO_ZONAL_PRICE,33.93,0.42,0.0,2026-03-23,2026-03-23 01:00:00
3,ONTARIO_ZONAL_PRICE,32.78,0.39,0.0,2026-03-23,2026-03-23 02:00:00
4,ONTARIO_ZONAL_PRICE,32.88,0.41,0.0,2026-03-23,2026-03-23 03:00:00
5,ONTARIO_ZONAL_PRICE,32.86,0.33,0.0,2026-03-23,2026-03-23 04:00:00
6,ONTARIO_ZONAL_PRICE,40.47,0.47,0.0,2026-03-23,2026-03-23 05:00:00
7,ONTARIO_ZONAL_PRICE,52.14,0.37,0.04,2026-03-23,2026-03-23 06:00:00
8,ONTARIO_ZONAL_PRICE,66.48,0.47,0.0,2026-03-23,2026-03-23 07:00:00
9,ONTARIO_ZONAL_PRICE,51.82,0.24,0.0,2026-03-23,2026-03-23 08:00:00
10,ONTARIO_ZONAL_PRICE,44.14,0.19,0.0,2026-03-23,2026-03-23 09:00:00
11,ONTARIO_ZONAL_PRICE,36.6,0.14,0.0,2026-03-23,2026-03-23 10:00:00
12,ONTARIO_ZONAL_PRICE,35.22,0.18,0.0,2026-03-23,2026-03-23 11:00:00
13,ONTARIO_ZONAL_PRICE,34.66,0.14,0.0,2026-03-23,2026-03-23 12:00:00
14,ONTARIO_ZONAL_PRICE,32.23,0.1,0.0,2026-03-23,2026-03-23 13:00:00
15,ONTARIO_ZONAL_PRICE,33.76,0.16,0.0,2026-03-23,2026-03-23 14:00:00
16,ONTARIO_ZONAL_PRICE,34.79,0.23,0.0,2026-03-23,2026-03-23 15:00:00
17,ONTARIO_ZONAL_PRICE,36.54,0.11,0.0,2026-03-23,2026-03-23 16:00:00
18,ONTARIO_ZONAL_PRICE,54.15,0.1,0.0,2026-03-23,2026-03-23 17:00:00
19,ONTARIO_ZONAL_PRICE,72.5,0.13,0.0,2026-03-23,2026-03-23 18:00:00
20,ONTARIO_ZONAL_PRICE,80.22,0.2,0.0,2026-03-23,2026-03-23 19:00:00
21,ONTARIO_ZONAL_PRICE,54.11,0.13,0.0,2026-03-23,2026-03-23 20:00:00
22,ONTARIO_ZONAL_PRICE,45.86,0.16,0.88,2026-03-23,2026-03-23 21:00:00
23,ONTARIO_ZONAL_PRICE,45.59,0.4,0.9,2026-03-23,2026-03-23 22:00:00
24,ONTARIO_ZONAL_PRICE,36.35,0.43,0.0,2026-03-23,2026-03-23 23:00:00
1,ONTARIO_ZONAL_PRICE,49.5,0.45,0.0,2026-03-24,2026-03-24 00:00:00
2,ONTARIO_ZONAL_PRICE,50.56,0.51,0.0,2026-03-24,2026-03-24 01:00:00
3,ONTARIO_ZONAL_PRICE,50.09,0.53,0.0,2026-03-24,2026-03-24 02:00:00
4,ONTARIO_ZONAL_PRICE,49.92,0.6,0.0,2026-03-24,2026-03-24 03:00:00
5,ONTARIO_ZONAL_PRICE,50.55,0.81,0.0,2026-03-24,2026-03-24 04:00:00
6,ONTARIO_ZONAL_PRICE,58.51,0.68,0.0,2026-03-24,2026-03-24 05:00:00
7,ONTARIO_ZONAL_PRICE,92.97,0.6,-1.06,2026-03-24,2026-03-24 06:00:00
8,ONTARIO_ZONAL_PRICE,71.53,0.46,1.0,2026-03-24,2026-03-24 07:00:00
9,ONTARIO_ZONAL_PRICE,53.23,0.38,1.25,2026-03-24,2026-03-24 08:00:00
10,ONTARIO_ZONAL_PRICE,35.6,0.31,0.0,2026-03-24,2026-03-24 09:00:00
11,ONTARIO_ZONAL_PRICE,29.4,0.26,0.1,2026-03-24,2026-03-24 10:00:00
12,ONTARIO_ZONAL_PRICE,27.13,0.29,0.1,2026-03-24,2026-03-24 11:00:00
13,ONTARIO_ZONAL_PRICE,23.38,0.2,1.55,2026-03-24,2026-03-24 12:00:00
14,ONTARIO_ZONAL_PRICE,21.95,0.21,0.11,2026-03-24,2026-03-24 13:00:00
15,ONTARIO_ZONAL_PRICE,27.25,0.25,0.11,2026-03-24,2026-03-24 14:00:00
16,ONTARIO_ZONAL_PRICE,33.03,0.36,0.02,2026-03-24,2026-03-24 15:00:00
17,ONTARIO_ZONAL_PRICE,42.56,0.42,0.0,2026-03-24,2026-03-24 16:00:00
18,ONTARIO_ZONAL_PRICE,59.51,0.64,0.0,2026-03-24,2026-03-24 17:00:00
19,ONTARIO_ZONAL_PRICE,75.66,0.62,0.0,2026-03-24,2026-03-24 18:00:00
20,ONTARIO_ZONAL_PRICE,71.03,0.67,0.09,2026-03-24,2026-03-24 19:00:00
21,ONTARIO_ZONAL_PRICE,54.71,0.6,0.0,2026-03-24,2026-03-24 20:00:00
22,ONTARIO_ZONAL_PRICE,45.67,0.49,0.03,2026-03-24,2026-03-24 21:00:00
23,ONTARIO_ZONAL_PRICE,42.05,0.48,1.54,2026-03-24,2026-03-24 22:00:00
24,ONTARIO_ZONAL_PRICE,37.7,0.42,0.14,2026-03-24,2026-03-24 23:00:00
1,ONTARIO_ZONAL_PRICE,50.05,0.51,0.14,2026-03-25,2026-03-25 00:00:00
2,ONTARIO_ZONAL_PRICE,49.87,0.61,1.35,2026-03-25,2026-03-25 01:00:00
3,ONTARIO_ZONAL_PRICE,48.33,0.61,0.0,2026-03-25,2026-03-25 02:00:00
4,ONTARIO_ZONAL_PRICE,48.46,0.64,0.0,2026-03-25,2026-03-25 03:00:00
5,ONTARIO_ZONAL_PRICE,46.68,0.63,0.0,2026-03-25,2026-03-25 04:00:00
6,ONTARIO_ZONAL_PRICE,61.85,0.73,0.0,2026-03-25,2026-03-25 05:00:00
7,ONTARIO_ZONAL_PRICE,96.77,0.77,0.0,2026-03-25,2026-03-25 06:00:00
8,ONTARIO_ZONAL_PRICE,84.26,0.6,0.7,2026-03-25,2026-03-25 07:00:00
9,ONTARIO_ZONAL_PRICE,57.34,0.34,0.0,2026-03-25,2026-03-25 08:00:00
10,ONTARIO_ZONAL_PRICE,52.12,0.31,-0.56,2026-03-25,2026-03-25 09:00:00
11,ONTARIO_ZONAL_PRICE,50.86,0.36,0.0,2026-03-25,2026-03-25 10:00:00
12,ONTARIO_ZONAL_PRICE,45.87,0.42,0.0,2026-03-25,2026-03-25 11:00:00
13,ONTARIO_ZONAL_PRICE,38.4,0.26,0.0,2026-03-25,2026-03-25 12:00:00
14,ONTARIO_ZONAL_PRICE,34.62,0.26,0.0,2026-03-25,2026-03-25 13:00:00
15,ONTARIO_ZONAL_PRICE,33.74,0.25,0.0,2026-03-25,2026-03-25 14:00:00
16,ONTARIO_ZONAL_PRICE,39.97,0.38,0.0,2026-03-25,2026-03-25 15:00:00
17,ONTARIO_ZONAL_PRICE,49.4,0.36,0.0,2026-03-25,2026-03-25 16:00:00
18,ONTARIO_ZONAL_PRICE,57.3,0.22,0.0,2026-03-25,2026-03-25 17:00:00
19,ONTARIO_ZONAL_PRICE,60.26,0.2,0.0,2026-03-25,2026-03-25 18:00:00
20,ONTARIO_ZONAL_PRICE,50.96,0.3,0.0,2026-03-25,2026-03-25 19:00:00
21,ONTARIO_ZONAL_PRICE,42.52,0.22,0.0,2026-03-25,2026-03-25 20:00:00
22,ONTARIO_ZONAL_PRICE,42.16,0.24,0.11,2026-03-25,2026-03-25 21:00:00
23,ONTARIO_ZONAL_PRICE,36.22,0.34,0.0,2026-03-25,2026-03-25 22:00:00
24,ONTARIO_ZONAL_PRICE,34.01,0.37,0.0,2026-03-25,2026-03-25 23:00:00
1,ONTARIO_ZONAL_PRICE,29.33,0.29,0.0,2026-03-26,2026-03-26 00:00:00
2,ONTARIO_ZONAL_PRICE,25.27,0.26,0.13,2026-03-26,2026-03-26 01:00:00
3,ONTARIO_ZONAL_PRICE,29.42,0.35,0.0,2026-03-26,2026-03-26 02:00:00
4,ONTARIO_ZONAL_PRICE,30.84,0.45,0.0,2026-03-26,2026-03-26 03:00:00
5,ONTARIO_ZONAL_PRICE,31.25,0.44,0.0,2026-03-26,2026-03-26 04:00:00
6,ONTARIO_ZONAL_PRICE,35.81,0.42,0.81,2026-03-26,2026-03-26 05:00:00
7,ONTARIO_ZONAL_PRICE,50.69,0.29,0.1,2026-03-26,2026-03-26 06:00:00
8,ONTARIO_ZONAL_PRICE,49.64,0.29,0.0,2026-03-26,2026-03-26 07:00:00
9,ONTARIO_ZONAL_PRICE,43.2,0.11,0.0,2026-03-26,2026-03-26 08:00:00
10,ONTARIO_ZONAL_PRICE,34.83,0.07,0.0,2026-03-26,2026-03-26 09:00:00
11,ONTARIO_ZONAL_PRICE,33.46,0.1,0.0,2026-03-26,2026-03-26 10:00:00
12,ONTARIO_ZONAL_PRICE,33.77,0.13,0.0,2026-03-26,2026-03-26 11:00:00
13,ONTARIO_ZONAL_PRICE,34.25,0.08,0.0,2026-03-26,2026-03-26 12:00:00
14,ONTARIO_ZONAL_PRICE,33.34,0.05,0.0,2026-03-26,2026-03-26 13:00:00
15,ONTARIO_ZONAL_PRICE,33.49,0.06,0.0,2026-03-26,2026-03-26 14:00:00
16,ONTARIO_ZONAL_PRICE,35.49,0.08,0.0,2026-03-26,2026-03-26 15:00:00
17,ONTARIO_ZONAL_PRICE,39.92,-0.03,0.0,2026-03-26,2026-03-26 16:00:00
18,ONTARIO_ZONAL_PRICE,51.75,-0.09,0.0,2026-03-26,2026-03-26 17:00:00
19,ONTARIO_ZONAL_PRICE,53.87,-0.03,0.0,2026-03-26,2026-03-26 18:00:00
20,ONTARIO_ZONAL_PRICE,51.13,0.08,0.0,2026-03-26,2026-03-26 19:00:00
21,ONTARIO_ZONAL_PRICE,43.3,0.15,0.1,2026-03-26,2026-03-26 20:00:00
22,ONTARIO_ZONAL_PRICE,34.09,0.16,0.0,2026-03-26,2026-03-26 21:00:00
23,ONTARIO_ZONAL_PRICE,33.57,0.23,0.12,2026-03-26,2026-03-26 22:00:00
24,ONTARIO_ZONAL_PRICE,25.92,0.18,0.14,2026-03-26,2026-03-26 23:00:00
1,ONTARIO_ZONAL_PRICE,20.25,0.15,0.0,2026-03-27,2026-03-27 00:00:00
2,ONTARIO_ZONAL_PRICE,26.64,0.22,1.38,2026-03-27,2026-03-27 01:00:00
3,ONTARIO_ZONAL_PRICE,26.35,0.22,1.1,2026-03-27,2026-03-27 02:00:00
4,ONTARIO_ZONAL_PRICE,25.55,0.24,0.13,2026-03-27,2026-03-27 03:00:00
5,ONTARIO_ZONAL_PRICE,32.85,0.3,1.12,2026-03-27,2026-03-27 04:00:00
6,ONTARIO_ZONAL_PRICE,38.31,0.28,0.98,2026-03-27,2026-03-27 05:00:00
7,ONTARIO_ZONAL_PRICE,61.06,0.21,1.0,2026-03-27,2026-03-27 06:00:00
8,ONTARIO_ZONAL_PRICE,63.3,0.31,0.0,2026-03-27,2026-03-27 07:00:00
9,ONTARIO_ZONAL_PRICE,49.64,0.16,1.22,2026-03-27,2026-03-27 08:00:00
10,ONTARIO_ZONAL_PRICE,50.72,0.27,1.17,2026-03-27,2026-03-27 09:00:00
11,ONTARIO_ZONAL_PRICE,43.94,0.33,1.02,2026-03-27,2026-03-27 10:00:00
12,ONTARIO_ZONAL_PRICE,33.65,0.26,0.0,2026-03-27,2026-03-27 11:00:00
13,ONTARIO_ZONAL_PRICE,33.16,0.18,0.0,2026-03-27,2026-03-27 12:00:00
14,ONTARIO_ZONAL_PRICE,33.64,0.2,1.14,2026-03-27,2026-03-27 13:00:00
15,ONTARIO_ZONAL_PRICE,33.81,0.18,1.12,2026-03-27,2026-03-27 14:00:00
16,ONTARIO_ZONAL_PRICE,34.99,0.18,1.26,2026-03-27,2026-03-27 15:00:00
17,ONTARIO_ZONAL_PRICE,49.27,0.11,1.14,2026-03-27,2026-03-27 16:00:00
18,ONTARIO_ZONAL_PRICE,56.53,0.0,0.47,2026-03-27,2026-03-27 17:00:00
19,ONTARIO_ZONAL_PRICE,61.98,0.03,0.3,2026-03-27,2026-03-27 18:00:00
20,ONTARIO_ZONAL_PRICE,65.2,0.06,1.06,2026-03-27,2026-03-27 19:00:00
21,ONTARIO_ZONAL_PRICE,54.99,0.05,1.05,2026-03-27,2026-03-27 20:00:00
22,ONTARIO_ZONAL_PRICE,51.87,0.13,1.34,2026-03-27,2026-03-27 21:00:00
23,ONTARIO_ZONAL_PRICE,44.61,0.31,1.45,2026-03-27,2026-03-27 22:00:00
24,ONTARIO_ZONAL_PRICE,35.48,0.31,0.0,2026-03-27,2026-03-27 23:00:00
1,ONTARIO_ZONAL_PRICE,50.77,0.39,0.13,2026-03-28,2026-03-28 00:00:00
2,ONTARIO_ZONAL_PRICE,44.81,0.42,0.13,2026-03-28,2026-03-28 01:00:00
3,ONTARIO_ZONAL_PRICE,41.05,0.38,1.36,2026-03-28,2026-03-28 02:00:00
4,ONTARIO_ZONAL_PRICE,36.4,0.38,0.0,2026-03-28,2026-03-28 03:00:00
5,ONTARIO_ZONAL_PRICE,39.47,0.43,1.04,2026-03-28,2026-03-28 04:00:00
6,ONTARIO_ZONAL_PRICE,48.66,0.55,0.11,2026-03-28,2026-03-28 05:00:00
7,ONTARIO_ZONAL_PRICE,55.67,0.43,0.0,2026-03-28,2026-03-28 06:00:00
8,ONTARIO_ZONAL_PRICE,50.09,0.32,0.11,2026-03-28,2026-03-28 07:00:00
9,ONTARIO_ZONAL_PRICE,41.62,0.25,0.12,2026-03-28,2026-03-28 08:00:00
10,ONTARIO_ZONAL_PRICE,41.6,0.25,0.0,2026-03-28,2026-03-28 09:00:00
11,ONTARIO_ZONAL_PRICE,40.42,0.27,0.0,2026-03-28,2026-03-28 10:00:00
12,ONTARIO_ZONAL_PRICE,37.73,0.23,0.0,2026-03-28,2026-03-28 11:00:00
13,ONTARIO_ZONAL_PRICE,33.78,0.14,0.0,2026-03-28,2026-03-28 12:00:00
14,ONTARIO_ZONAL_PRICE,33.67,0.11,0.0,2026-03-28,2026-03-28 13:00:00
15,ONTARIO_ZONAL_PRICE,33.04,0.15,0.0,2026-03-28,2026-03-28 14:00:00
16,ONTARIO_ZONAL_PRICE,33.9,0.17,0.0,2026-03-28,2026-03-28 15:00:00
17,ONTARIO_ZONAL_PRICE,37.62,0.06,0.0,2026-03-28,2026-03-28 16:00:00
18,ONTARIO_ZONAL_PRICE,51.24,0.04,0.75,2026-03-28,2026-03-28 17:00:00
19,ONTARIO_ZONAL_PRICE,59.05,0.06,0.0,2026-03-28,2026-03-28 18:00:00
20,ONTARIO_ZONAL_PRICE,59.44,0.16,0.7,2026-03-28,2026-03-28 19:00:00
21,ONTARIO_ZONAL_PRICE,50.49,0.16,0.12,2026-03-28,2026-03-28 20:00:00
22,ONTARIO_ZONAL_PRICE,39.53,0.25,1.28,2026-03-28,2026-03-28 21:00:00
23,ONTARIO_ZONAL_PRICE,35.54,0.36,0.09,2026-03-28,2026-03-28 22:00:00
24,ONTARIO_ZONAL_PRICE,33.98,0.3,0.0,2026-03-28,2026-03-28 23:00:00
1,ONTARIO_ZONAL_PRICE,36.79,0.29,0.0,2026-03-29,2026-03-29 00:00:00
2,ONTARIO_ZONAL_PRICE,34.4,0.29,0.0,2026-03-29,2026-03-29 01:00:00
3,ONTARIO_ZONAL_PRICE,35.47,0.32,1.24,2026-03-29,2026-03-29 02:00:00
4,ONTARIO_ZONAL_PRICE,34.36,0.39,0.14,2026-03-29,2026-03-29 03:00:00
5,ONTARIO_ZONAL_PRICE,37.11,0.44,0.0,2026-03-29,2026-03-29 04:00:00
6,ONTARIO_ZONAL_PRICE,42.79,0.56,0.0,2026-03-29,2026-03-29 05:00:00
7,ONTARIO_ZONAL_PRICE,47.76,0.53,0.0,2026-03-29,2026-03-29 06:00:00
8,ONTARIO_ZONAL_PRICE,40.18,0.43,0.0,2026-03-29,2026-03-29 07:00:00
9,ONTARIO_ZONAL_PRICE,33.89,0.22,0.0,2026-03-29,2026-03-29 08:00:00
10,ONTARIO_ZONAL_PRICE,33.36,0.22,0.0,2026-03-29,2026-03-29 09:00:00
11,ONTARIO_ZONAL_PRICE,31.41,0.21,0.0,2026-03-29,2026-03-29 10:00:00
12,ONTARIO_ZONAL_PRICE,28.78,0.2,0.0,2026-03-29,2026-03-29 11:00:00
13,ONTARIO_ZONAL_PRICE,26.25,0.15,0.0,2026-03-29,2026-03-29 12:00:00
14,ONTARIO_ZONAL_PRICE,20.77,0.1,0.0,2026-03-29,2026-03-29 13:00:00
15,ONTARIO_ZONAL_PRICE,23.43,0.11,0.0,2026-03-29,2026-03-29 14:00:00
16,ONTARIO_ZONAL_PRICE,28.38,0.19,-0.03,2026-03-29,2026-03-29 15:00:00
17,ONTARIO_ZONAL_PRICE,37.9,0.2,0.0,2026-03-29,2026-03-29 16:00:00
18,ONTARIO_ZONAL_PRICE,50.42,0.1,0.06,2026-03-29,2026-03-29 17:00:00
19,ONTARIO_ZONAL_PRICE,56.41,0.05,0.0,2026-03-29,2026-03-29 18:00:00
20,ONTARIO_ZONAL_PRICE,55.68,0.14,0.0,2026-03-29,2026-03-29 19:00:00
21,ONTARIO_ZONAL_PRICE,46.19,0.12,0.07,2026-03-29,2026-03-29 20:00:00
22,ONTARIO_ZONAL_PRICE,35.74,0.14,0.0,2026-03-29,2026-03-29 21:00:00
23,ONTARIO_ZONAL_PRICE,35.59,0.25,1.24,2026-03-29,2026-03-29 22:00:00
24,ONTARIO_ZONAL_PRICE,35.8,0.24,1.63,2026-03-29,2026-03-29 23:00:00
1,ONTARIO_ZONAL_PRICE,22.61,0.16,0.09,2026-03-30,2026-03-30 00:00:00
2,ONTARIO_ZONAL_PRICE,23.84,0.18,1.57,2026-03-30,2026-03-30 01:00:00
3,ONTARIO_ZONAL_PRICE,21.37,0.16,0.11,2026-03-30,2026-03-30 02:00:00
4,ONTARIO_ZONAL_PRICE,25.86,0.23,1.42,2026-03-30,2026-03-30 03:00:00
5,ONTARIO_ZONAL_PRICE,28.59,0.24,0.1,2026-03-30,2026-03-30 04:00:00
6,ONTARIO_ZONAL_PRICE,37.44,0.38,0.06,2026-03-30,2026-03-30 05:00:00
7,ONTARIO_ZONAL_PRICE,69.92,0.44,1.18,2026-03-30,2026-03-30 06:00:00
8,ONTARIO_ZONAL_PRICE,61.5,0.32,4.36,2026-03-30,2026-03-30 07:00:00
9,ONTARIO_ZONAL_PRICE,38.02,0.03,1.65,2026-03-30,2026-03-30 08:00:00
10,ONTARIO_ZONAL_PRICE,35.64,0.08,1.38,2026-03-30,2026-03-30 09:00:00
11,ONTARIO_ZONAL_PRICE,31.05,0.04,1.13,2026-03-30,2026-03-30 10:00:00
12,ONTARIO_ZONAL_PRICE,29.0,0.08,0.05,2026-03-30,2026-03-30 11:00:00
13,ONTARIO_ZONAL_PRICE,33.16,0.06,0.0,2026-03-30,2026-03-30 12:00:00
14,ONTARIO_ZONAL_PRICE,35.14,0.09,1.06,2026-03-30,2026-03-30 13:00:00
15,ONTARIO_ZONAL_PRICE,35.03,0.06,1.07,2026-03-30,2026-03-30 14:00:00
16,ONTARIO_ZONAL_PRICE,35.19,0.11,0.07,2026-03-30,2026-03-30 15:00:00
17,ONTARIO_ZONAL_PRICE,40.05,0.05,0.0,2026-03-30,2026-03-30 16:00:00
18,ONTARIO_ZONAL_PRICE,54.68,0.07,1.43,2026-03-30,2026-03-30 17:00:00
19,ONTARIO_ZONAL_PRICE,61.53,0.03,1.33,2026-03-30,2026-03-30 18:00:00
20,ONTARIO_ZONAL_PRICE,66.03,0.15,4.46,2026-03-30,2026-03-30 19:00:00
21,ONTARIO_ZONAL_PRICE,51.55,0.1,0.0,2026-03-30,2026-03-30 20:00:00
22,ONTARIO_ZONAL_PRICE,35.45,0.19,0.1,2026-03-30,2026-03-30 21:00:00
23,ONTARIO_ZONAL_PRICE,34.42,0.17,0.0,2026-03-30,2026-03-30 22:00:00
24,ONTARIO_ZONAL_PRICE,35.05,0.25,0.0,2026-03-30,2026-03-30 23:00:00
1,ONTARIO_ZONAL_PRICE,15.18,0.09,0.14,2026-03-31,2026-03-31 00:00:00
2,ONTARIO_ZONAL_PRICE,17.41,0.1,2.46,2026-03-31,2026-03-31 01:00:00
3,ONTARIO_ZONAL_PRICE,17.34,0.11,2.32,2026-03-31,2026-03-31 02:00:00
4,ONTARIO_ZONAL_PRICE,17.55,0.14,2.26,2026-03-31,2026-03-31 03:00:00
5,ONTARIO_ZONAL_PRICE,19.63,0.13,0.13,2026-03-31,2026-03-31 04:00:00
6,ONTARIO_ZONAL_PRICE,32.36,0.13,0.07,2026-03-31,2026-03-31 05:00:00
7,ONTARIO_ZONAL_PRICE,47.43,0.07,1.32,2026-03-31,2026-03-31 06:00:00
8,ONTARIO_ZONAL_PRICE,44.78,-0.04,1.39,2026-03-31,2026-03-31 07:00:00
9,ONTARIO_ZONAL_PRICE,41.93,-0.09,1.55,2026-03-31,2026-03-31 08:00:00
10,ONTARIO_ZONAL_PRICE,37.44,-0.05,1.47,2026-03-31,2026-03-31 09:00:00
11,ONTARIO_ZONAL_PRICE,36.14,-0.07,1.0,2026-03-31,2026-03-31 10:00:00
12,ONTARIO_ZONAL_PRICE,35.3,0.03,0.08,2026-03-31,2026-03-31 11:00:00
13,ONTARIO_ZONAL_PRICE,35.17,0.01,0.0,2026-03-31,2026-03-31 12:00:00
14,ONTARIO_ZONAL_PRICE,34.04,0.0,0.02,2026-03-31,2026-03-31 13:00:00
15,ONTARIO_ZONAL_PRICE,34.7,0.02,0.89,2026-03-31,2026-03-31 14:00:00
16,ONTARIO_ZONAL_PRICE,35.2,0.09,0.0,2026-03-31,2026-03-31 15:00:00
17,ONTARIO_ZONAL_PRICE,42.69,0.04,1.09,2026-03-31,2026-03-31 16:00:00
18,ONTARIO_ZONAL_PRICE,44.95,0.03,0.0,2026-03-31,2026-03-31 17:00:00
19,ONTARIO_ZONAL_PRICE,53.7,0.08,0.0,2026-03-31,2026-03-31 18:00:00
20,ONTARIO_ZONAL_PRICE,50.96,0.21,0.0,2026-03-31,2026-03-31 19:00:00
21,ONTARIO_ZONAL_PRICE,48.2,0.23,0.03,2026-03-31,2026-03-31 20:00:00
22,ONTARIO_ZONAL_PRICE,34.74,0.24,0.0,2026-03-31,2026-03-31 21:00:00
23,ONTARIO_ZONAL_PRICE,34.36,0.33,0.03,2026-03-31,2026-03-31 22:00:00
24,ONTARIO_ZONAL_PRICE,34.1,0.34,0.0,2026-03-31,2026-03-31 23:00:00
